Company_Name,Official_Website,LinkedIn_URL,Description,Timestamp,HubSpot_Company_ID,Product,All_Results,Qualified_Products
Coinbase,coinbase.com,https://www.linkedin.com/company/coinbase,"**1. Basic Company Information:**

- **Company Name:** Coinbase Global, Inc.
- **Founding Year:** 2012

- **Headquarters Location:** Coinbase operates as a remote-first company and does not have a formal headquarters. ([en.wikipedia.org](https://en.wikipedia.org/wiki/Coinbase?utm_source=openai))
- **Founders:** Brian Armstrong and Fred Ehrsam

- **Ownership Background:** Coinbase is a publicly traded company listed on NASDAQ under the ticker symbol COIN. ([investor.coinbase.com](https://investor.coinbase.com/home/default.aspx?utm_source=openai))
- **Official Homepage URL:** [https://www.coinbase.com](https://www.coinbase.com)

**2. Products and Technology:**

- **Core Products & Services:**
 - **Coinbase App:** A platform for buying, storing, and trading various cryptocurrencies.
 - **Coinbase One:** A subscription-based plan offering premium features and services.
 - **Coinbase Advanced:** A professional trading platform for digital assets.
 - **Coinbase Wallet:** An application enabling access to decentralized crypto applications (dApps).
 - **USD Coin (USDC):** A stablecoin issued by Circle Internet Financial, with Coinbase holding an equity stake.
 - **Coinbase Card:** A Visa debit card allowing cryptocurrency spending.
 - **Coinbase Earn:** A staking service where users can earn rewards by participating in blockchain transaction validation. ([en.wikipedia.org](https://en.wikipedia.org/wiki/Coinbase?utm_source=openai))

- **Underlying Technologies:** Coinbase's platforms are built on secure, scalable, and reliable technologies to support cryptocurrency transactions and storage.

**3. Market and Customer Information:**

- **Customer Types:** Coinbase serves both retail investors (B2C) and institutional clients (B2B).
- **Industries Served:** Primarily focuses on the cryptocurrency and financial technology sectors.

- **Geographic Markets:** Operates in over 100 countries worldwide. ([en.wikipedia.org](https://en.wikipedia.org/wiki/Coinbase?utm_source=openai))

**4. Financial and HR Details:**

- **Revenue History:**
 - **2024:** $6.565 billion
 - **2023:** $3.108 billion
 - **2022:** $3.194 billion
 - **2021:** $7.839 billion
 - **2020:** $1.277 billion
 - **2019:** $534 million ([macrotrends.net](https://www.macrotrends.net/stocks/charts/COIN/coinbase-global/revenue?utm_source=openai))

- **Funding Rounds:** Specific details on funding rounds are not provided in the available sources.
- **Employee Count:** As of December 31, 2024, Coinbase had over 3,700 employees. ([investor.coinbase.com](https://investor.coinbase.com/home/default.aspx?utm_source=openai))

**5. Strategic Information:**

- **Major Clients or Case Studies:** Specific major clients or case studies are not detailed in the available sources.
- **Strategic Initiatives:**
 - In May 2025, Coinbase announced plans to open a 58,600-square-foot office in Charlotte, North Carolina, serving as a ""Center of Excellence"" for compliance and customer support teams. ([axios.com](https://www.axios.com/local/charlotte/2025/06/03/coinbase-110-east-south-end-crypto-jobs-fintech?utm_source=openai))
 - In May 2025, Coinbase was added to the S&P 500 index, becoming the first cryptocurrency firm to achieve this milestone. ([cincodias.elpais.com](https://cincodias.elpais.com/criptoactivos/2025-05-13/el-mercado-coinbase-se-convierte-en-la-primera-firma-cripto-que-entra-en-el-indice-sp-500.html?utm_source=openai))

- **Key Competitors:** Other major cryptocurrency exchanges such as Binance, Kraken, and Gemini.
- **Overall Summary:** Coinbase has solidified its position as a leading cryptocurrency exchange, expanding its services and geographic reach. The company's inclusion in the S&P 500 and strategic expansions indicate a strong market presence and growth trajectory.

**6. Additional Business Information:**

- **Professional Open Positions:** As of June 2025, Coinbase is actively hiring over 130 positions for its compliance and customer support teams in Charlotte, North Carolina. ([axios.com](https://www.axios.com/local/charlotte/2025/06/03/coinbase-110-east-south-end-crypto-jobs-fintech?utm_source=openai))
- **Working Languages:** The primary language used for business communications and documentation is English.

**7. Technical and Compliance Information:**

- **User Portal/Login System:** Coinbase offers a user-facing platform accessible via its website and mobile applications, where users can create accounts, manage portfolios, and conduct cryptocurrency transactions.
- **Compliance Standards:** Coinbase adheres to various regulatory standards, including Know Your Customer (KYC) and Anti-Money Laundering (AML) requirements. The company has also obtained licenses such as the BitLicense from the New York State Department of Financial Services. ([en.wikipedia.org](https://en.wikipedia.org/wiki/Coinbase?utm_source=openai))

**Sources:**

- [Coinbase Investor Relations](https://investor.coinbase.com/home/default.aspx)
- [Coinbase Wikipedia Page](https://en.wikipedia.org/wiki/Coinbase)

- [Coinbase Global Revenue 2020-2024 | COIN | MacroTrends](https://www.macrotrends.net/stocks/charts/COIN/coinbase-global/revenue)
- [Coinbase to open office in 110 East](https://www.axios.com/local/charlotte/2025/06/03/coinbase-110-east-south-end-crypto-jobs-fintech)

- [The Coinbase market becomes the first crypto firm to enter the S&P 500 index](https://cincodias.elpais.com/criptoactivos/2025-05-13/el-mercado-coinbase-se-convierte-en-la-primera-firma-cripto-que-entra-en-el-indice-sp-500.html)",6/9/2025 12:32,,AI,"{
  ""product"": ""AI"",
  ""general_status"": true,
  ""general_criteria"": {
    ""passed"": true,
    ""passed_count"": 1,
    ""total_count"": 1,
    ""detailed_criteria"": [
      {
        ""criteria_text"": ""The company does not have headquarters in Mainlaind China, Iran or Russia."",
        ""result"": ""Pass""
      }
    ]
  },
  ""qualification_results"": {
    ""Enterprise Digital Transformers"": ""No"",
    ""Data-First Innovators"": ""Yes"",
    ""Software ISVs & System Integrators"": ""No"",
    ""AI-Native Startups"": ""No"",
    ""Public Sector Agencies"": ""No""
  },
  ""qualified_audiences"": [
    ""Data-First Innovators""
  ],
  ""detailed_results"": {
    ""Data-First Innovators"": {
      ""audience"": ""Data-First Innovators"",
      ""qualification_status"": ""Passed"",
      ""mandatory_status"": ""Passed"",
      ""mandatory_criteria"": [
        {
          ""criteria_text"": ""Company offers personalized, real-time, or automated digital services as a core feature"",
          ""result"": ""Pass""
        }
      ],
      ""nth_results"": {
        ""score"": 1.0,
        ""total_criteria"": 2,
        ""passed_criteria"": 2,
        ""nd_criteria"": 0,
        ""pass_rate"": 1.0,
        ""detailed_criteria"": [
          {
            ""criteria_text"": ""Mentions fast iteration, innovation, or scaling of digital services"",
            ""result"": ""Pass""
          },
          {
            ""criteria_text"": ""References using customer behavior or data insights to enhance services"",
            ""result"": ""Pass""
          }
        ]
      },
      ""final_status"": ""Qualified""
    }
  }
}","QUALIFIED: Data-First Innovators
NTH Score: 1.000
Total NTH Criteria: 2
Passed: 2
ND (No Data): 0"
Coinbase,coinbase.com,https://www.linkedin.com/company/coinbase,"**1. Basic Company Information:**

- **Company Name:** Coinbase Global, Inc.
- **Founding Year:** 2012

- **Headquarters Location:** Coinbase operates as a remote-first company and does not have a formal headquarters. ([en.wikipedia.org](https://en.wikipedia.org/wiki/Coinbase?utm_source=openai))
- **Founders:** Brian Armstrong and Fred Ehrsam

- **Ownership Background:** Coinbase is a publicly traded company listed on NASDAQ under the ticker symbol COIN. ([investor.coinbase.com](https://investor.coinbase.com/home/default.aspx?utm_source=openai))
- **Official Homepage URL:** [https://www.coinbase.com](https://www.coinbase.com)

**2. Products and Technology:**

- **Core Products & Services:**
 - **Coinbase App:** A platform for buying, storing, and trading various cryptocurrencies.
 - **Coinbase One:** A subscription-based plan offering premium features and services.
 - **Coinbase Advanced:** A professional trading platform for digital assets.
 - **Coinbase Wallet:** An application enabling access to decentralized crypto applications (dApps).
 - **USD Coin (USDC):** A stablecoin issued by Circle Internet Financial, with Coinbase holding an equity stake.
 - **Coinbase Card:** A Visa debit card allowing cryptocurrency spending.
 - **Coinbase Earn:** A staking service where users can earn rewards by participating in blockchain transaction validation. ([en.wikipedia.org](https://en.wikipedia.org/wiki/Coinbase?utm_source=openai))

- **Underlying Technologies:** Coinbase's platforms are built on secure, scalable, and reliable technologies to support cryptocurrency transactions and storage.

**3. Market and Customer Information:**

- **Customer Types:** Coinbase serves both retail investors (B2C) and institutional clients (B2B).
- **Industries Served:** Primarily focuses on the cryptocurrency and financial technology sectors.

- **Geographic Markets:** Operates in over 100 countries worldwide. ([en.wikipedia.org](https://en.wikipedia.org/wiki/Coinbase?utm_source=openai))

**4. Financial and HR Details:**

- **Revenue History:**
 - **2024:** $6.565 billion
 - **2023:** $3.108 billion
 - **2022:** $3.194 billion
 - **2021:** $7.839 billion
 - **2020:** $1.277 billion
 - **2019:** $534 million ([macrotrends.net](https://www.macrotrends.net/stocks/charts/COIN/coinbase-global/revenue?utm_source=openai))

- **Funding Rounds:** Specific details on funding rounds are not provided in the available sources.
- **Employee Count:** As of December 31, 2024, Coinbase had over 3,700 employees. ([investor.coinbase.com](https://investor.coinbase.com/home/default.aspx?utm_source=openai))

**5. Strategic Information:**

- **Major Clients or Case Studies:** Specific major clients or case studies are not detailed in the available sources.
- **Strategic Initiatives:**
 - In May 2025, Coinbase announced plans to open a 58,600-square-foot office in Charlotte, North Carolina, serving as a ""Center of Excellence"" for compliance and customer support teams. ([axios.com](https://www.axios.com/local/charlotte/2025/06/03/coinbase-110-east-south-end-crypto-jobs-fintech?utm_source=openai))
 - In May 2025, Coinbase was added to the S&P 500 index, becoming the first cryptocurrency firm to achieve this milestone. ([cincodias.elpais.com](https://cincodias.elpais.com/criptoactivos/2025-05-13/el-mercado-coinbase-se-convierte-en-la-primera-firma-cripto-que-entra-en-el-indice-sp-500.html?utm_source=openai))

- **Key Competitors:** Other major cryptocurrency exchanges such as Binance, Kraken, and Gemini.
- **Overall Summary:** Coinbase has solidified its position as a leading cryptocurrency exchange, expanding its services and geographic reach. The company's inclusion in the S&P 500 and strategic expansions indicate a strong market presence and growth trajectory.

**6. Additional Business Information:**

- **Professional Open Positions:** As of June 2025, Coinbase is actively hiring over 130 positions for its compliance and customer support teams in Charlotte, North Carolina. ([axios.com](https://www.axios.com/local/charlotte/2025/06/03/coinbase-110-east-south-end-crypto-jobs-fintech?utm_source=openai))
- **Working Languages:** The primary language used for business communications and documentation is English.

**7. Technical and Compliance Information:**

- **User Portal/Login System:** Coinbase offers a user-facing platform accessible via its website and mobile applications, where users can create accounts, manage portfolios, and conduct cryptocurrency transactions.
- **Compliance Standards:** Coinbase adheres to various regulatory standards, including Know Your Customer (KYC) and Anti-Money Laundering (AML) requirements. The company has also obtained licenses such as the BitLicense from the New York State Department of Financial Services. ([en.wikipedia.org](https://en.wikipedia.org/wiki/Coinbase?utm_source=openai))

**Sources:**

- [Coinbase Investor Relations](https://investor.coinbase.com/home/default.aspx)
- [Coinbase Wikipedia Page](https://en.wikipedia.org/wiki/Coinbase)

- [Coinbase Global Revenue 2020-2024 | COIN | MacroTrends](https://www.macrotrends.net/stocks/charts/COIN/coinbase-global/revenue)
- [Coinbase to open office in 110 East](https://www.axios.com/local/charlotte/2025/06/03/coinbase-110-east-south-end-crypto-jobs-fintech)

- [The Coinbase market becomes the first crypto firm to enter the S&P 500 index](https://cincodias.elpais.com/criptoactivos/2025-05-13/el-mercado-coinbase-se-convierte-en-la-primera-firma-cripto-que-entra-en-el-indice-sp-500.html)",6/9/2025 12:32,,CDN,"{
  ""product"": ""CDN"",
  ""general_status"": true,
  ""general_criteria"": {
    ""passed"": true,
    ""passed_count"": 1,
    ""total_count"": 1,
    ""detailed_criteria"": [
      {
        ""criteria_text"": ""The company does not have headquarters in Mainlaind China, Iran or Russia."",
        ""result"": ""Pass""
      }
    ]
  },
  ""qualification_results"": {
    ""Software/SaaS"": ""No"",
    ""Media & Entertainment"": ""No"",
    ""Gaming"": ""No"",
    ""Finance"": ""Yes""
  },
  ""qualified_audiences"": [
    ""Finance""
  ],
  ""detailed_results"": {
    ""Finance"": {
      ""audience"": ""Finance"",
      ""qualification_status"": ""Passed"",
      ""mandatory_status"": ""Passed"",
      ""mandatory_criteria"": [
        {
          ""criteria_text"": ""Website presence of a user-facing portal, app login, or transactional interface"",
          ""result"": ""Pass""
        },
        {
          ""criteria_text"": ""Mentions secure transactions or compliance (PCI DSS, ISO 27001, GDPR, KYC, etc.)."",
          ""result"": ""Pass""
        }
      ],
      ""nth_results"": {
        ""score"": 1.0,
        ""total_criteria"": 3,
        ""passed_criteria"": 3,
        ""nd_criteria"": 0,
        ""pass_rate"": 1.0,
        ""detailed_criteria"": [
          {
            ""criteria_text"": ""Mentions of more than 1 country service coverage"",
            ""result"": ""Pass""
          },
          {
            ""criteria_text"": ""Blog discussing latency, uptime, scaling"",
            ""result"": ""Pass""
          },
          {
            ""criteria_text"": ""Published news about DDoS incidents or security events"",
            ""result"": ""Pass""
          }
        ]
      },
      ""final_status"": ""Qualified""
    }
  }
}","QUALIFIED: Finance
NTH Score: 1.000
Total NTH Criteria: 3
Passed: 3
ND (No Data): 0"
Coinbase,coinbase.com,https://www.linkedin.com/company/coinbase,"**1. Basic Company Information:**

- **Company Name:** Coinbase Global, Inc.
- **Founding Year:** 2012

- **Headquarters Location:** Coinbase operates as a remote-first company and does not have a formal headquarters. ([en.wikipedia.org](https://en.wikipedia.org/wiki/Coinbase?utm_source=openai))
- **Founders:** Brian Armstrong and Fred Ehrsam

- **Ownership Background:** Coinbase is a publicly traded company listed on NASDAQ under the ticker symbol COIN. ([investor.coinbase.com](https://investor.coinbase.com/home/default.aspx?utm_source=openai))
- **Official Homepage URL:** [https://www.coinbase.com](https://www.coinbase.com)

**2. Products and Technology:**

- **Core Products & Services:**
 - **Coinbase App:** A platform for buying, storing, and trading various cryptocurrencies.
 - **Coinbase One:** A subscription-based plan offering premium features and services.
 - **Coinbase Advanced:** A professional trading platform for digital assets.
 - **Coinbase Wallet:** An application enabling access to decentralized crypto applications (dApps).
 - **USD Coin (USDC):** A stablecoin issued by Circle Internet Financial, with Coinbase holding an equity stake.
 - **Coinbase Card:** A Visa debit card allowing cryptocurrency spending.
 - **Coinbase Earn:** A staking service where users can earn rewards by participating in blockchain transaction validation. ([en.wikipedia.org](https://en.wikipedia.org/wiki/Coinbase?utm_source=openai))

- **Underlying Technologies:** Coinbase's platforms are built on secure, scalable, and reliable technologies to support cryptocurrency transactions and storage.

**3. Market and Customer Information:**

- **Customer Types:** Coinbase serves both retail investors (B2C) and institutional clients (B2B).
- **Industries Served:** Primarily focuses on the cryptocurrency and financial technology sectors.

- **Geographic Markets:** Operates in over 100 countries worldwide. ([en.wikipedia.org](https://en.wikipedia.org/wiki/Coinbase?utm_source=openai))

**4. Financial and HR Details:**

- **Revenue History:**
 - **2024:** $6.565 billion
 - **2023:** $3.108 billion
 - **2022:** $3.194 billion
 - **2021:** $7.839 billion
 - **2020:** $1.277 billion
 - **2019:** $534 million ([macrotrends.net](https://www.macrotrends.net/stocks/charts/COIN/coinbase-global/revenue?utm_source=openai))

- **Funding Rounds:** Specific details on funding rounds are not provided in the available sources.
- **Employee Count:** As of December 31, 2024, Coinbase had over 3,700 employees. ([investor.coinbase.com](https://investor.coinbase.com/home/default.aspx?utm_source=openai))

**5. Strategic Information:**

- **Major Clients or Case Studies:** Specific major clients or case studies are not detailed in the available sources.
- **Strategic Initiatives:**
 - In May 2025, Coinbase announced plans to open a 58,600-square-foot office in Charlotte, North Carolina, serving as a ""Center of Excellence"" for compliance and customer support teams. ([axios.com](https://www.axios.com/local/charlotte/2025/06/03/coinbase-110-east-south-end-crypto-jobs-fintech?utm_source=openai))
 - In May 2025, Coinbase was added to the S&P 500 index, becoming the first cryptocurrency firm to achieve this milestone. ([cincodias.elpais.com](https://cincodias.elpais.com/criptoactivos/2025-05-13/el-mercado-coinbase-se-convierte-en-la-primera-firma-cripto-que-entra-en-el-indice-sp-500.html?utm_source=openai))

- **Key Competitors:** Other major cryptocurrency exchanges such as Binance, Kraken, and Gemini.
- **Overall Summary:** Coinbase has solidified its position as a leading cryptocurrency exchange, expanding its services and geographic reach. The company's inclusion in the S&P 500 and strategic expansions indicate a strong market presence and growth trajectory.

**6. Additional Business Information:**

- **Professional Open Positions:** As of June 2025, Coinbase is actively hiring over 130 positions for its compliance and customer support teams in Charlotte, North Carolina. ([axios.com](https://www.axios.com/local/charlotte/2025/06/03/coinbase-110-east-south-end-crypto-jobs-fintech?utm_source=openai))
- **Working Languages:** The primary language used for business communications and documentation is English.

**7. Technical and Compliance Information:**

- **User Portal/Login System:** Coinbase offers a user-facing platform accessible via its website and mobile applications, where users can create accounts, manage portfolios, and conduct cryptocurrency transactions.
- **Compliance Standards:** Coinbase adheres to various regulatory standards, including Know Your Customer (KYC) and Anti-Money Laundering (AML) requirements. The company has also obtained licenses such as the BitLicense from the New York State Department of Financial Services. ([en.wikipedia.org](https://en.wikipedia.org/wiki/Coinbase?utm_source=openai))

**Sources:**

- [Coinbase Investor Relations](https://investor.coinbase.com/home/default.aspx)
- [Coinbase Wikipedia Page](https://en.wikipedia.org/wiki/Coinbase)

- [Coinbase Global Revenue 2020-2024 | COIN | MacroTrends](https://www.macrotrends.net/stocks/charts/COIN/coinbase-global/revenue)
- [Coinbase to open office in 110 East](https://www.axios.com/local/charlotte/2025/06/03/coinbase-110-east-south-end-crypto-jobs-fintech)

- [The Coinbase market becomes the first crypto firm to enter the S&P 500 index](https://cincodias.elpais.com/criptoactivos/2025-05-13/el-mercado-coinbase-se-convierte-en-la-primera-firma-cripto-que-entra-en-el-indice-sp-500.html)",6/9/2025 12:32,,DDOS,"{
  ""product"": ""DDOS"",
  ""general_status"": true,
  ""general_criteria"": {
    ""passed"": true,
    ""passed_count"": 1,
    ""total_count"": 1,
    ""detailed_criteria"": [
      {
        ""criteria_text"": ""The company does not have headquarters in Mainlaind China, Iran or Russia."",
        ""result"": ""Pass""
      }
    ]
  },
  ""qualification_results"": {
    ""Gaming & Game Development"": ""No"",
    ""Financial Services & Fintech"": ""Yes"",
    ""SaaS, IaaS & IT Service Providers"": ""No"",
    ""Media, Entertainment & Streaming"": ""No"",
    ""E-commerce & Retail Tech"": ""No"",
    ""Government & Public Sector"": ""No""
  },
  ""qualified_audiences"": [
    ""Financial Services & Fintech""
  ],
  ""detailed_results"": {
    ""Financial Services & Fintech"": {
      ""audience"": ""Financial Services & Fintech"",
      ""qualification_status"": ""Passed"",
      ""mandatory_status"": ""Passed"",
      ""mandatory_criteria"": [
        {
          ""criteria_text"": ""Website presence of a user-facing portal, app login, or transactional interface"",
          ""result"": ""Pass""
        }
      ],
      ""nth_results"": {
        ""score"": 0,
        ""total_criteria"": 0,
        ""passed_criteria"": 0,
        ""nd_criteria"": 0,
        ""pass_rate"": 0.0,
        ""detailed_criteria"": []
      },
      ""final_status"": ""Not Qualified""
    }
  }
}","NOT QUALIFIED: Financial Services & Fintech
NTH Score: 0.000
Total NTH Criteria: 0
Passed: 0
ND (No Data): 0"
Coinbase,coinbase.com,https://www.linkedin.com/company/coinbase,"**1. Basic Company Information:**

- **Company Name:** Coinbase Global, Inc.
- **Founding Year:** 2012

- **Headquarters Location:** Coinbase operates as a remote-first company and does not have a formal headquarters. ([en.wikipedia.org](https://en.wikipedia.org/wiki/Coinbase?utm_source=openai))
- **Founders:** Brian Armstrong and Fred Ehrsam

- **Ownership Background:** Coinbase is a publicly traded company listed on NASDAQ under the ticker symbol COIN. ([investor.coinbase.com](https://investor.coinbase.com/home/default.aspx?utm_source=openai))
- **Official Homepage URL:** [https://www.coinbase.com](https://www.coinbase.com)

**2. Products and Technology:**

- **Core Products & Services:**
 - **Coinbase App:** A platform for buying, storing, and trading various cryptocurrencies.
 - **Coinbase One:** A subscription-based plan offering premium features and services.
 - **Coinbase Advanced:** A professional trading platform for digital assets.
 - **Coinbase Wallet:** An application enabling access to decentralized crypto applications (dApps).
 - **USD Coin (USDC):** A stablecoin issued by Circle Internet Financial, with Coinbase holding an equity stake.
 - **Coinbase Card:** A Visa debit card allowing cryptocurrency spending.
 - **Coinbase Earn:** A staking service where users can earn rewards by participating in blockchain transaction validation. ([en.wikipedia.org](https://en.wikipedia.org/wiki/Coinbase?utm_source=openai))

- **Underlying Technologies:** Coinbase's platforms are built on secure, scalable, and reliable technologies to support cryptocurrency transactions and storage.

**3. Market and Customer Information:**

- **Customer Types:** Coinbase serves both retail investors (B2C) and institutional clients (B2B).
- **Industries Served:** Primarily focuses on the cryptocurrency and financial technology sectors.

- **Geographic Markets:** Operates in over 100 countries worldwide. ([en.wikipedia.org](https://en.wikipedia.org/wiki/Coinbase?utm_source=openai))

**4. Financial and HR Details:**

- **Revenue History:**
 - **2024:** $6.565 billion
 - **2023:** $3.108 billion
 - **2022:** $3.194 billion
 - **2021:** $7.839 billion
 - **2020:** $1.277 billion
 - **2019:** $534 million ([macrotrends.net](https://www.macrotrends.net/stocks/charts/COIN/coinbase-global/revenue?utm_source=openai))

- **Funding Rounds:** Specific details on funding rounds are not provided in the available sources.
- **Employee Count:** As of December 31, 2024, Coinbase had over 3,700 employees. ([investor.coinbase.com](https://investor.coinbase.com/home/default.aspx?utm_source=openai))

**5. Strategic Information:**

- **Major Clients or Case Studies:** Specific major clients or case studies are not detailed in the available sources.
- **Strategic Initiatives:**
 - In May 2025, Coinbase announced plans to open a 58,600-square-foot office in Charlotte, North Carolina, serving as a ""Center of Excellence"" for compliance and customer support teams. ([axios.com](https://www.axios.com/local/charlotte/2025/06/03/coinbase-110-east-south-end-crypto-jobs-fintech?utm_source=openai))
 - In May 2025, Coinbase was added to the S&P 500 index, becoming the first cryptocurrency firm to achieve this milestone. ([cincodias.elpais.com](https://cincodias.elpais.com/criptoactivos/2025-05-13/el-mercado-coinbase-se-convierte-en-la-primera-firma-cripto-que-entra-en-el-indice-sp-500.html?utm_source=openai))

- **Key Competitors:** Other major cryptocurrency exchanges such as Binance, Kraken, and Gemini.
- **Overall Summary:** Coinbase has solidified its position as a leading cryptocurrency exchange, expanding its services and geographic reach. The company's inclusion in the S&P 500 and strategic expansions indicate a strong market presence and growth trajectory.

**6. Additional Business Information:**

- **Professional Open Positions:** As of June 2025, Coinbase is actively hiring over 130 positions for its compliance and customer support teams in Charlotte, North Carolina. ([axios.com](https://www.axios.com/local/charlotte/2025/06/03/coinbase-110-east-south-end-crypto-jobs-fintech?utm_source=openai))
- **Working Languages:** The primary language used for business communications and documentation is English.

**7. Technical and Compliance Information:**

- **User Portal/Login System:** Coinbase offers a user-facing platform accessible via its website and mobile applications, where users can create accounts, manage portfolios, and conduct cryptocurrency transactions.
- **Compliance Standards:** Coinbase adheres to various regulatory standards, including Know Your Customer (KYC) and Anti-Money Laundering (AML) requirements. The company has also obtained licenses such as the BitLicense from the New York State Department of Financial Services. ([en.wikipedia.org](https://en.wikipedia.org/wiki/Coinbase?utm_source=openai))

**Sources:**

- [Coinbase Investor Relations](https://investor.coinbase.com/home/default.aspx)
- [Coinbase Wikipedia Page](https://en.wikipedia.org/wiki/Coinbase)

- [Coinbase Global Revenue 2020-2024 | COIN | MacroTrends](https://www.macrotrends.net/stocks/charts/COIN/coinbase-global/revenue)
- [Coinbase to open office in 110 East](https://www.axios.com/local/charlotte/2025/06/03/coinbase-110-east-south-end-crypto-jobs-fintech)

- [The Coinbase market becomes the first crypto firm to enter the S&P 500 index](https://cincodias.elpais.com/criptoactivos/2025-05-13/el-mercado-coinbase-se-convierte-en-la-primera-firma-cripto-que-entra-en-el-indice-sp-500.html)",6/9/2025 12:32,,VM,"{
  ""product"": ""VM"",
  ""general_status"": true,
  ""general_criteria"": {
    ""passed"": true,
    ""passed_count"": 1,
    ""total_count"": 1,
    ""detailed_criteria"": [
      {
        ""criteria_text"": ""The company does not have headquarters in Mainlaind China, Iran or Russia."",
        ""result"": ""Pass""
      }
    ]
  },
  ""qualification_results"": {
    ""Online Gaming"": ""No"",
    ""Gambling"": ""No"",
    ""Fintech/Trading"": ""Yes""
  },
  ""qualified_audiences"": [
    ""Fintech/Trading""
  ],
  ""detailed_results"": {
    ""Fintech/Trading"": {
      ""audience"": ""Fintech/Trading"",
      ""qualification_status"": ""Passed"",
      ""mandatory_status"": ""Passed"",
      ""mandatory_criteria"": [
        {
          ""criteria_text"": ""Revenue model tied to trading or payment processing"",
          ""result"": ""Pass""
        }
      ],
      ""nth_results"": {
        ""score"": 1.0,
        ""total_criteria"": 2,
        ""passed_criteria"": 2,
        ""nd_criteria"": 0,
        ""pass_rate"": 1.0,
        ""detailed_criteria"": [
          {
            ""criteria_text"": ""Promotes 24/7 or offers always-on trading"",
            ""result"": ""Pass""
          },
          {
            ""criteria_text"": ""Offers trading platforms emphasizing speed and precision for investors"",
            ""result"": ""Pass""
          }
        ]
      },
      ""final_status"": ""Qualified""
    }
  }
}","QUALIFIED: Fintech/Trading
NTH Score: 1.000
Total NTH Criteria: 2
Passed: 2
ND (No Data): 0"
Coinbase,coinbase.com,https://www.linkedin.com/company/coinbase,"**1. Basic Company Information:**

- **Company Name:** Coinbase Global, Inc.
- **Founding Year:** 2012

- **Headquarters Location:** Coinbase operates as a remote-first company and does not have a formal headquarters. ([en.wikipedia.org](https://en.wikipedia.org/wiki/Coinbase?utm_source=openai))
- **Founders:** Brian Armstrong and Fred Ehrsam

- **Ownership Background:** Coinbase is a publicly traded company listed on NASDAQ under the ticker symbol COIN. ([investor.coinbase.com](https://investor.coinbase.com/home/default.aspx?utm_source=openai))
- **Official Homepage URL:** [https://www.coinbase.com](https://www.coinbase.com)

**2. Products and Technology:**

- **Core Products & Services:**
 - **Coinbase App:** A platform for buying, storing, and trading various cryptocurrencies.
 - **Coinbase One:** A subscription-based plan offering premium features and services.
 - **Coinbase Advanced:** A professional trading platform for digital assets.
 - **Coinbase Wallet:** An application enabling access to decentralized crypto applications (dApps).
 - **USD Coin (USDC):** A stablecoin issued by Circle Internet Financial, with Coinbase holding an equity stake.
 - **Coinbase Card:** A Visa debit card allowing cryptocurrency spending.
 - **Coinbase Earn:** A staking service where users can earn rewards by participating in blockchain transaction validation. ([en.wikipedia.org](https://en.wikipedia.org/wiki/Coinbase?utm_source=openai))

- **Underlying Technologies:** Coinbase's platforms are built on secure, scalable, and reliable technologies to support cryptocurrency transactions and storage.

**3. Market and Customer Information:**

- **Customer Types:** Coinbase serves both retail investors (B2C) and institutional clients (B2B).
- **Industries Served:** Primarily focuses on the cryptocurrency and financial technology sectors.

- **Geographic Markets:** Operates in over 100 countries worldwide. ([en.wikipedia.org](https://en.wikipedia.org/wiki/Coinbase?utm_source=openai))

**4. Financial and HR Details:**

- **Revenue History:**
 - **2024:** $6.565 billion
 - **2023:** $3.108 billion
 - **2022:** $3.194 billion
 - **2021:** $7.839 billion
 - **2020:** $1.277 billion
 - **2019:** $534 million ([macrotrends.net](https://www.macrotrends.net/stocks/charts/COIN/coinbase-global/revenue?utm_source=openai))

- **Funding Rounds:** Specific details on funding rounds are not provided in the available sources.
- **Employee Count:** As of December 31, 2024, Coinbase had over 3,700 employees. ([investor.coinbase.com](https://investor.coinbase.com/home/default.aspx?utm_source=openai))

**5. Strategic Information:**

- **Major Clients or Case Studies:** Specific major clients or case studies are not detailed in the available sources.
- **Strategic Initiatives:**
 - In May 2025, Coinbase announced plans to open a 58,600-square-foot office in Charlotte, North Carolina, serving as a ""Center of Excellence"" for compliance and customer support teams. ([axios.com](https://www.axios.com/local/charlotte/2025/06/03/coinbase-110-east-south-end-crypto-jobs-fintech?utm_source=openai))
 - In May 2025, Coinbase was added to the S&P 500 index, becoming the first cryptocurrency firm to achieve this milestone. ([cincodias.elpais.com](https://cincodias.elpais.com/criptoactivos/2025-05-13/el-mercado-coinbase-se-convierte-en-la-primera-firma-cripto-que-entra-en-el-indice-sp-500.html?utm_source=openai))

- **Key Competitors:** Other major cryptocurrency exchanges such as Binance, Kraken, and Gemini.
- **Overall Summary:** Coinbase has solidified its position as a leading cryptocurrency exchange, expanding its services and geographic reach. The company's inclusion in the S&P 500 and strategic expansions indicate a strong market presence and growth trajectory.

**6. Additional Business Information:**

- **Professional Open Positions:** As of June 2025, Coinbase is actively hiring over 130 positions for its compliance and customer support teams in Charlotte, North Carolina. ([axios.com](https://www.axios.com/local/charlotte/2025/06/03/coinbase-110-east-south-end-crypto-jobs-fintech?utm_source=openai))
- **Working Languages:** The primary language used for business communications and documentation is English.

**7. Technical and Compliance Information:**

- **User Portal/Login System:** Coinbase offers a user-facing platform accessible via its website and mobile applications, where users can create accounts, manage portfolios, and conduct cryptocurrency transactions.
- **Compliance Standards:** Coinbase adheres to various regulatory standards, including Know Your Customer (KYC) and Anti-Money Laundering (AML) requirements. The company has also obtained licenses such as the BitLicense from the New York State Department of Financial Services. ([en.wikipedia.org](https://en.wikipedia.org/wiki/Coinbase?utm_source=openai))

**Sources:**

- [Coinbase Investor Relations](https://investor.coinbase.com/home/default.aspx)
- [Coinbase Wikipedia Page](https://en.wikipedia.org/wiki/Coinbase)

- [Coinbase Global Revenue 2020-2024 | COIN | MacroTrends](https://www.macrotrends.net/stocks/charts/COIN/coinbase-global/revenue)
- [Coinbase to open office in 110 East](https://www.axios.com/local/charlotte/2025/06/03/coinbase-110-east-south-end-crypto-jobs-fintech)

- [The Coinbase market becomes the first crypto firm to enter the S&P 500 index](https://cincodias.elpais.com/criptoactivos/2025-05-13/el-mercado-coinbase-se-convierte-en-la-primera-firma-cripto-que-entra-en-el-indice-sp-500.html)",6/9/2025 12:32,,WAAP,"{
  ""product"": ""WAAP"",
  ""general_status"": true,
  ""general_criteria"": {
    ""passed"": true,
    ""passed_count"": 1,
    ""total_count"": 1,
    ""detailed_criteria"": [
      {
        ""criteria_text"": ""The company does not have headquarters in Mainlaind China, Iran or Russia."",
        ""result"": ""Pass""
      }
    ]
  },
  ""qualification_results"": {
    ""IT Service Providers"": ""Yes"",
    ""Financial Services Enterprises"": ""Yes"",
    ""Telecommunications Providers"": ""No"",
    ""Adult and Dating Platforms (Large)"": ""No"",
    ""Betting Platforms"": ""No""
  },
  ""qualified_audiences"": [
    ""IT Service Providers"",
    ""Financial Services Enterprises""
  ],
  ""detailed_results"": {
    ""IT Service Providers"": {
      ""audience"": ""IT Service Providers"",
      ""qualification_status"": ""Passed"",
      ""mandatory_status"": ""Passed"",
      ""mandatory_criteria"": [],
      ""nth_results"": {
        ""score"": 1.0,
        ""total_criteria"": 1,
        ""passed_criteria"": 1,
        ""nd_criteria"": 0,
        ""pass_rate"": 1.0,
        ""detailed_criteria"": [
          {
            ""criteria_text"": ""The Company has its own SOC"",
            ""result"": ""Pass""
          }
        ]
      },
      ""final_status"": ""Qualified""
    },
    ""Financial Services Enterprises"": {
      ""audience"": ""Financial Services Enterprises"",
      ""qualification_status"": ""Passed"",
      ""mandatory_status"": ""Passed"",
      ""mandatory_criteria"": [],
      ""nth_results"": {
        ""score"": 1.0,
        ""total_criteria"": 1,
        ""passed_criteria"": 1,
        ""nd_criteria"": 0,
        ""pass_rate"": 1.0,
        ""detailed_criteria"": [
          {
            ""criteria_text"": ""The company has its own SOC"",
            ""result"": ""Pass""
          }
        ]
      },
      ""final_status"": ""Qualified""
    }
  }
}","QUALIFIED: IT Service Providers
NTH Score: 1.000
Total NTH Criteria: 1
Passed: 1
ND (No Data): 0"
Coinbase,coinbase.com,https://www.linkedin.com/company/coinbase,"**1. Basic Company Information:**

- **Company Name:** Coinbase Global, Inc.
- **Founding Year:** 2012

- **Headquarters Location:** Coinbase operates as a remote-first company and does not have a formal headquarters. ([en.wikipedia.org](https://en.wikipedia.org/wiki/Coinbase?utm_source=openai))
- **Founders:** Brian Armstrong and Fred Ehrsam

- **Ownership Background:** Coinbase is a publicly traded company listed on NASDAQ under the ticker symbol COIN. ([investor.coinbase.com](https://investor.coinbase.com/home/default.aspx?utm_source=openai))
- **Official Homepage URL:** [https://www.coinbase.com](https://www.coinbase.com)

**2. Products and Technology:**

- **Core Products & Services:**
 - **Coinbase App:** A platform for buying, storing, and trading various cryptocurrencies.
 - **Coinbase One:** A subscription-based plan offering premium features and services.
 - **Coinbase Advanced:** A professional trading platform for digital assets.
 - **Coinbase Wallet:** An application enabling access to decentralized crypto applications (dApps).
 - **USD Coin (USDC):** A stablecoin issued by Circle Internet Financial, with Coinbase holding an equity stake.
 - **Coinbase Card:** A Visa debit card allowing cryptocurrency spending.
 - **Coinbase Earn:** A staking service where users can earn rewards by participating in blockchain transaction validation. ([en.wikipedia.org](https://en.wikipedia.org/wiki/Coinbase?utm_source=openai))

- **Underlying Technologies:** Coinbase's platforms are built on secure, scalable, and reliable technologies to support cryptocurrency transactions and storage.

**3. Market and Customer Information:**

- **Customer Types:** Coinbase serves both retail investors (B2C) and institutional clients (B2B).
- **Industries Served:** Primarily focuses on the cryptocurrency and financial technology sectors.

- **Geographic Markets:** Operates in over 100 countries worldwide. ([en.wikipedia.org](https://en.wikipedia.org/wiki/Coinbase?utm_source=openai))

**4. Financial and HR Details:**

- **Revenue History:**
 - **2024:** $6.565 billion
 - **2023:** $3.108 billion
 - **2022:** $3.194 billion
 - **2021:** $7.839 billion
 - **2020:** $1.277 billion
 - **2019:** $534 million ([macrotrends.net](https://www.macrotrends.net/stocks/charts/COIN/coinbase-global/revenue?utm_source=openai))

- **Funding Rounds:** Specific details on funding rounds are not provided in the available sources.
- **Employee Count:** As of December 31, 2024, Coinbase had over 3,700 employees. ([investor.coinbase.com](https://investor.coinbase.com/home/default.aspx?utm_source=openai))

**5. Strategic Information:**

- **Major Clients or Case Studies:** Specific major clients or case studies are not detailed in the available sources.
- **Strategic Initiatives:**
 - In May 2025, Coinbase announced plans to open a 58,600-square-foot office in Charlotte, North Carolina, serving as a ""Center of Excellence"" for compliance and customer support teams. ([axios.com](https://www.axios.com/local/charlotte/2025/06/03/coinbase-110-east-south-end-crypto-jobs-fintech?utm_source=openai))
 - In May 2025, Coinbase was added to the S&P 500 index, becoming the first cryptocurrency firm to achieve this milestone. ([cincodias.elpais.com](https://cincodias.elpais.com/criptoactivos/2025-05-13/el-mercado-coinbase-se-convierte-en-la-primera-firma-cripto-que-entra-en-el-indice-sp-500.html?utm_source=openai))

- **Key Competitors:** Other major cryptocurrency exchanges such as Binance, Kraken, and Gemini.
- **Overall Summary:** Coinbase has solidified its position as a leading cryptocurrency exchange, expanding its services and geographic reach. The company's inclusion in the S&P 500 and strategic expansions indicate a strong market presence and growth trajectory.

**6. Additional Business Information:**

- **Professional Open Positions:** As of June 2025, Coinbase is actively hiring over 130 positions for its compliance and customer support teams in Charlotte, North Carolina. ([axios.com](https://www.axios.com/local/charlotte/2025/06/03/coinbase-110-east-south-end-crypto-jobs-fintech?utm_source=openai))
- **Working Languages:** The primary language used for business communications and documentation is English.

**7. Technical and Compliance Information:**

- **User Portal/Login System:** Coinbase offers a user-facing platform accessible via its website and mobile applications, where users can create accounts, manage portfolios, and conduct cryptocurrency transactions.
- **Compliance Standards:** Coinbase adheres to various regulatory standards, including Know Your Customer (KYC) and Anti-Money Laundering (AML) requirements. The company has also obtained licenses such as the BitLicense from the New York State Department of Financial Services. ([en.wikipedia.org](https://en.wikipedia.org/wiki/Coinbase?utm_source=openai))

**Sources:**

- [Coinbase Investor Relations](https://investor.coinbase.com/home/default.aspx)
- [Coinbase Wikipedia Page](https://en.wikipedia.org/wiki/Coinbase)

- [Coinbase Global Revenue 2020-2024 | COIN | MacroTrends](https://www.macrotrends.net/stocks/charts/COIN/coinbase-global/revenue)
- [Coinbase to open office in 110 East](https://www.axios.com/local/charlotte/2025/06/03/coinbase-110-east-south-end-crypto-jobs-fintech)

- [The Coinbase market becomes the first crypto firm to enter the S&P 500 index](https://cincodias.elpais.com/criptoactivos/2025-05-13/el-mercado-coinbase-se-convierte-en-la-primera-firma-cripto-que-entra-en-el-indice-sp-500.html)",6/9/2025 12:32,,WAAP,"{
  ""product"": ""WAAP"",
  ""general_status"": true,
  ""general_criteria"": {
    ""passed"": true,
    ""passed_count"": 1,
    ""total_count"": 1,
    ""detailed_criteria"": [
      {
        ""criteria_text"": ""The company does not have headquarters in Mainlaind China, Iran or Russia."",
        ""result"": ""Pass""
      }
    ]
  },
  ""qualification_results"": {
    ""IT Service Providers"": ""Yes"",
    ""Financial Services Enterprises"": ""Yes"",
    ""Telecommunications Providers"": ""No"",
    ""Adult and Dating Platforms (Large)"": ""No"",
    ""Betting Platforms"": ""No""
  },
  ""qualified_audiences"": [
    ""IT Service Providers"",
    ""Financial Services Enterprises""
  ],
  ""detailed_results"": {
    ""IT Service Providers"": {
      ""audience"": ""IT Service Providers"",
      ""qualification_status"": ""Passed"",
      ""mandatory_status"": ""Passed"",
      ""mandatory_criteria"": [],
      ""nth_results"": {
        ""score"": 1.0,
        ""total_criteria"": 1,
        ""passed_criteria"": 1,
        ""nd_criteria"": 0,
        ""pass_rate"": 1.0,
        ""detailed_criteria"": [
          {
            ""criteria_text"": ""The Company has its own SOC"",
            ""result"": ""Pass""
          }
        ]
      },
      ""final_status"": ""Qualified""
    },
    ""Financial Services Enterprises"": {
      ""audience"": ""Financial Services Enterprises"",
      ""qualification_status"": ""Passed"",
      ""mandatory_status"": ""Passed"",
      ""mandatory_criteria"": [],
      ""nth_results"": {
        ""score"": 1.0,
        ""total_criteria"": 1,
        ""passed_criteria"": 1,
        ""nd_criteria"": 0,
        ""pass_rate"": 1.0,
        ""detailed_criteria"": [
          {
            ""criteria_text"": ""The company has its own SOC"",
            ""result"": ""Pass""
          }
        ]
      },
      ""final_status"": ""Qualified""
    }
  }
}","QUALIFIED: Financial Services Enterprises
NTH Score: 1.000
Total NTH Criteria: 1
Passed: 1
ND (No Data): 0"
